,country,predicted_suicides_no
0,Antigua and Barbuda,0.0
1,Argentina,3622.9902078724817
2,Armenia,58.419633726819455
3,Australia,2873.4035084285356
4,Austria,1342.9781043389057
5,Belgium,1917.6509199382506
6,Belize,24.731478023837507
7,Brazil,11020.668534228047
8,Chile,1903.5141750039218
9,Colombia,2186.063343285561
10,Croatia,732.4138571014863
11,Cuba,1469.313970844046
12,Cyprus,42.919672498964076
13,Czech Republic,1512.2330228002154
14,Denmark,637.2851273378177
15,Ecuador,735.640836890081
16,Estonia,246.73402983415718
17,Finland,822.3479506529308
18,Georgia,145.13011139130592
19,Germany,10220.688218678653
20,Greece,563.1241138072692
21,Grenada,0.0029432196554541553
22,Guatemala,474.1196455372851
23,Hungary,1981.6650177649876
24,Iceland,45.596892269572024
25,Israel,436.7743060744621
26,Italy,4194.321325428226
27,Japan,24505.08819172007
28,Kazakhstan,3144.4998564699263
29,Kyrgyzstan,475.18468674966704
30,Latvia,390.83149141301635
31,Lithuania,945.4129000121928
32,Luxembourg,58.46689754973679
33,Malta,25.665036472297906
34,Mauritius,119.35905417983473
35,Mexico,6227.077065575194
36,Netherlands,1837.2890440286317
37,Nicaragua,315.6804412177647
38,Norway,556.5659084343648
39,Panama,149.40934727985803
40,Poland,6116.070268691475
41,Puerto Rico,222.4130926036167
42,Qatar,58.051543352060904
43,Republic of Korea,14069.349544361428
44,Romania,2226.3256820661786
45,Russian Federation,27092.80199527582
46,Saint Vincent and Grenadines,2.1835738890084624
47,Serbia,1140.7696216846286
48,Seychelles,9.316618448015452
49,Singapore,390.6305141168213
50,Slovenia,390.81174033848043
51,South Africa,548.935844763658
52,Spain,3886.888826274934
53,Sweden,1159.833300469644
54,Switzerland,1072.7790952826654
55,Thailand,3861.6205637208323
56,Turkey,1683.911478378438
57,Turkmenistan,144.73075877985534
58,Ukraine,8016.7803637065235
59,United Kingdom,4822.53600612458
60,United States,43339.86925154106
61,Uruguay,590.5647879811675
